itinerario_id,cruce_id,sentido,instante_paso_s,hcall_in_s,hcall_out_s
1,24,,21327,21250,21337
1,24,,22167,22090,22177
1,24,,22423,22346,22433
1,24,,22827,22750,22837
1,24,,23127,23050,23137
1,24,,23847,23770,23857
1,24,,23993,23916,24003
1,24,,24687,24610,24697
1,24,,25707,25630,25717
1,24,,26367,26290,26377
1,24,,26787,26710,26797
1,24,,26803,26726,26813
1,24,,27207,27130,27217
1,24,,27523,27446,27533
1,24,,27747,27670,27757
1,24,,28407,28330,28417
1,24,,28483,28406,28493
1,24,,29067,28990,29077
1,24,,29383,29306,29393
1,24,,29907,29830,29917
1,24,,30343,30266,30353
1,24,,30627,30550,30637
1,24,,31063,30986,31073
1,24,,31527,31450,31537
1,24,,32443,32366,32453
1,24,,32547,32470,32557
1,24,,33103,33026,33113
1,24,,33327,33250,33337
1,24,,33763,33686,33773
1,24,,33987,33910,33997
1,24,,34423,34346,34433
1,24,,34827,34750,34837
1,24,,35083,35006,35093
1,24,,35727,35650,35737
1,24,,35803,35726,35813
1,24,,36327,36250,36337
1,24,,36703,36626,36713
1,24,,37903,37826,37913
1,24,,38427,38350,38437
1,24,,38803,38726,38813
1,24,,39627,39550,39637
1,24,,40303,40226,40313
1,24,,40827,40750,40837
1,24,,41727,41650,41737
1,24,,43903,43826,43913
1,24,,44127,44050,44137
1,24,,44803,44726,44813
1,24,,45027,44950,45037
1,24,,46303,46226,46313
1,24,,46527,46450,46537
1,24,,47083,47006,47093
1,24,,49303,49226,49313
1,24,,49827,49750,49837
1,24,,50203,50126,50213
1,24,,52227,52150,52237
1,24,,53127,53050,53137
1,24,,55003,54926,55013
1,24,,56127,56050,56137
1,24,,57403,57326,57413
1,24,,57927,57850,57937
1,24,,58303,58226,58313
1,24,,60627,60550,60637
1,24,,61303,61226,61313
1,24,,61347,61270,61357
1,24,,62067,61990,62077
1,24,,62503,62426,62513
1,24,,62787,62710,62797
1,24,,63403,63326,63413
1,24,,63507,63430,63517
1,24,,64227,64150,64237
1,24,,64593,64516,64603
1,24,,64947,64870,64957
1,24,,65313,65236,65323
1,24,,65667,65590,65677
1,24,,66033,65956,66043
1,24,,66387,66310,66397
1,24,,66753,66676,66763
1,24,,67407,67330,67417
1,24,,67473,67396,67483
1,24,,68193,68116,68203
1,24,,68307,68230,68317
1,24,,68607,68530,68617
1,24,,68913,68836,68923
1,24,,69327,69250,69337
1,24,,69633,69556,69643
1,24,,70167,70090,70177
1,24,,70353,70276,70363
1,24,,70827,70750,70837
1,24,,71073,70996,71083
1,24,,71307,71230,71317
1,24,,71673,71596,71683
1,24,,72027,71950,72037
1,24,,72093,72016,72103
1,24,,72687,72610,72697
1,24,,72873,72796,72883
1,24,,73227,73150,73237
1,24,,73603,73526,73613
1,24,,73827,73750,73837
1,24,,74503,74426,74513
1,24,,74727,74650,74737
1,24,,75403,75326,75413
1,24,,75627,75550,75637
1,24,,76303,76226,76313
1,24,,76827,76750,76837
1,24,,77203,77126,77213
1,24,,77727,77650,77737
1,24,,78103,78026,78113
1,24,,78927,78850,78937
1,24,,79003,78926,79013
1,24,,79707,79630,79717
1,24,,79903,79826,79913
1,24,,80803,80726,80813
1,24,,83203,83126,83213
1,24,,84703,84626,84713
1,23,,21407,21330,21417
1,23,,22247,22170,22257
1,23,,22343,22266,22353
1,23,,22907,22830,22917
1,23,,23207,23130,23217
1,23,,23913,23836,23923
1,23,,23927,23850,23937
1,23,,24767,24690,24777
1,23,,25787,25710,25797
1,23,,26447,26370,26457
1,23,,26723,26646,26733
1,23,,26867,26790,26877
1,23,,27287,27210,27297
1,23,,27443,27366,27453
1,23,,27827,27750,27837
1,23,,28403,28326,28413
1,23,,28487,28410,28497
1,23,,29147,29070,29157
1,23,,29303,29226,29313
1,23,,29987,29910,29997
1,23,,30263,30186,30273
1,23,,30707,30630,30717
1,23,,30983,30906,30993
1,23,,31607,31530,31617
1,23,,32363,32286,32373
1,23,,32627,32550,32637
1,23,,33023,32946,33033
1,23,,33407,33330,33417
1,23,,33683,33606,33693
1,23,,34067,33990,34077
1,23,,34343,34266,34353
1,23,,34907,34830,34917
1,23,,35003,34926,35013
1,23,,35723,35646,35733
1,23,,35807,35730,35817
1,23,,36407,36330,36417
1,23,,36623,36546,36633
1,23,,37823,37746,37833
1,23,,38507,38430,38517
1,23,,38723,38646,38733
1,23,,39707,39630,39717
1,23,,40223,40146,40233
1,23,,40907,40830,40917
1,23,,41807,41730,41817
1,23,,43823,43746,43833
1,23,,44207,44130,44217
1,23,,44723,44646,44733
1,23,,45107,45030,45117
1,23,,46223,46146,46233
1,23,,46607,46530,46617
1,23,,47003,46926,47013
1,23,,49223,49146,49233
1,23,,49907,49830,49917
1,23,,50123,50046,50133
1,23,,52307,52230,52317
1,23,,53207,53130,53217
1,23,,54923,54846,54933
1,23,,56207,56130,56217
1,23,,57323,57246,57333
1,23,,58007,57930,58017
1,23,,58223,58146,58233
1,23,,60707,60630,60717
1,23,,61223,61146,61233
1,23,,61427,61350,61437
1,23,,62147,62070,62157
1,23,,62423,62346,62433
1,23,,62867,62790,62877
1,23,,63323,63246,63333
1,23,,63587,63510,63597
1,23,,64307,64230,64317
1,23,,64513,64436,64523
1,23,,65027,64950,65037
1,23,,65233,65156,65243
1,23,,65747,65670,65757
1,23,,65953,65876,65963
1,23,,66467,66390,66477
1,23,,66673,66596,66683
1,23,,67393,67316,67403
1,23,,67487,67410,67497
1,23,,68113,68036,68123
1,23,,68387,68310,68397
1,23,,68687,68610,68697
1,23,,68833,68756,68843
1,23,,69407,69330,69417
1,23,,69553,69476,69563
1,23,,70247,70170,70257
1,23,,70273,70196,70283
1,23,,70907,70830,70917
1,23,,70993,70916,71003
1,23,,71387,71310,71397
1,23,,71593,71516,71603
1,23,,72013,71936,72023
1,23,,72107,72030,72117
1,23,,72767,72690,72777
1,23,,72793,72716,72803
1,23,,73307,73230,73317
1,23,,73523,73446,73533
1,23,,73907,73830,73917
1,23,,74423,74346,74433
1,23,,74807,74730,74817
1,23,,75323,75246,75333
1,23,,75707,75630,75717
1,23,,76223,76146,76233
1,23,,76907,76830,76917
1,23,,77123,77046,77133
1,23,,77807,77730,77817
1,23,,78023,77946,78033
1,23,,78923,78846,78933
1,23,,79007,78930,79017
1,23,,79787,79710,79797
1,23,,79823,79746,79833
1,23,,80723,80646,80733
1,23,,83123,83046,83133
1,23,,84623,84546,84633
1,22,,21488,21361,21498
1,22,,22292,22165,22302
1,22,,22328,22201,22338
1,22,,22988,22861,22998
1,22,,23253,23126,23263
1,22,,24008,23881,24018
1,22,,24848,24721,24858
1,22,,25868,25741,25878
1,22,,26528,26401,26538
1,22,,26652,26525,26662
1,22,,26948,26821,26958
1,22,,27368,27241,27378
1,22,,27372,27245,27382
1,22,,27908,27781,27918
1,22,,28332,28205,28342
1,22,,28568,28441,28578
1,22,,29228,29101,29238
1,22,,29232,29105,29242
1,22,,30053,29926,30063
1,22,,30192,30065,30202
1,22,,30773,30646,30783
1,22,,30912,30785,30922
1,22,,31673,31546,31683
1,22,,32292,32165,32302
1,22,,32693,32566,32703
1,22,,32952,32825,32962
1,22,,33473,33346,33483
1,22,,33612,33485,33622
1,22,,34272,34145,34282
1,22,,34932,34805,34942
1,22,,34973,34846,34983
1,22,,35652,35525,35662
1,22,,35873,35746,35883
1,22,,36473,36346,36483
1,22,,36552,36425,36562
1,22,,37752,37625,37762
1,22,,38573,38446,38583
1,22,,38652,38525,38662
1,22,,39773,39646,39783
1,22,,40152,40025,40162
1,22,,40973,40846,40983
1,22,,41873,41746,41883
1,22,,43752,43625,43762
1,22,,44273,44146,44283
1,22,,44652,44525,44662
1,22,,45173,45046,45183
1,22,,46152,46025,46162
1,22,,46932,46805,46942
1,22,,49152,49025,49162
1,22,,49973,49846,49983
1,22,,50052,49925,50062
1,22,,52373,52246,52383
1,22,,53273,53146,53283
1,22,,54852,54725,54862
1,22,,56273,56146,56283
1,22,,57252,57125,57262
1,22,,58073,57946,58083
1,22,,58152,58025,58162
1,22,,60773,60646,60783
1,22,,61152,61025,61162
1,22,,61493,61366,61503
1,22,,62213,62086,62223
1,22,,62352,62225,62362
1,22,,62933,62806,62943
1,22,,63252,63125,63262
1,22,,63653,63526,63663
1,22,,64373,64246,64383
1,22,,64432,64305,64442
1,22,,65093,64966,65103
1,22,,65152,65025,65162
1,22,,65813,65686,65823
1,22,,65872,65745,65882
1,22,,66533,66406,66543
1,22,,66592,66465,66602
1,22,,67312,67185,67322
1,22,,67553,67426,67563
1,22,,68032,67905,68042
1,22,,68453,68326,68463
1,22,,68752,68625,68762
1,22,,69472,69345,69482
1,22,,69473,69346,69483
1,22,,70192,70065,70202
1,22,,70313,70186,70323
1,22,,70912,70785,70922
1,22,,70973,70846,70983
1,22,,71512,71385,71522
1,22,,71932,71805,71942
1,22,,72173,72046,72183
1,22,,72712,72585,72722
1,22,,72833,72706,72843
1,22,,73452,73325,73462
1,22,,73973,73846,73983
1,22,,74352,74225,74362
1,22,,74873,74746,74883
1,22,,75252,75125,75262
1,22,,75773,75646,75783
1,22,,76152,76025,76162
1,22,,76953,76826,76963
1,22,,77052,76925,77062
1,22,,77873,77746,77883
1,22,,77952,77825,77962
1,22,,78852,78725,78862
1,22,,79073,78946,79083
1,22,,79752,79625,79762
1,22,,79833,79706,79843
1,22,,80652,80525,80662
1,22,,83052,82925,83062
1,22,,84552,84425,84562
1,21,,21546,21469,21556
1,21,,22234,22157,22244
1,21,,22386,22309,22396
1,21,,23046,22969,23056
1,21,,23311,23234,23321
1,21,,24066,23989,24076
1,21,,24906,24829,24916
1,21,,25926,25849,25936
1,21,,26586,26509,26596
1,21,,26594,26517,26604
1,21,,27006,26929,27016
1,21,,27314,27237,27324
1,21,,27426,27349,27436
1,21,,27966,27889,27976
1,21,,28274,28197,28284
1,21,,28626,28549,28636
1,21,,29174,29097,29184
1,21,,29286,29209,29296
1,21,,30111,30034,30121
1,21,,30134,30057,30144
1,21,,30831,30754,30841
1,21,,30854,30777,30864
1,21,,31731,31654,31741
1,21,,32234,32157,32244
1,21,,32751,32674,32761
1,21,,32894,32817,32904
1,21,,33531,33454,33541
1,21,,33554,33477,33564
1,21,,34214,34137,34224
1,21,,34874,34797,34884
1,21,,35031,34954,35041
1,21,,35594,35517,35604
1,21,,35931,35854,35941
1,21,,36494,36417,36504
1,21,,36531,36454,36541
1,21,,37694,37617,37704
1,21,,38594,38517,38604
1,21,,38631,38554,38641
1,21,,39831,39754,39841
1,21,,40094,40017,40104
1,21,,41031,40954,41041
1,21,,41931,41854,41941
1,21,,43694,43617,43704
1,21,,44331,44254,44341
1,21,,44594,44517,44604
1,21,,45231,45154,45241
1,21,,46094,46017,46104
1,21,,46874,46797,46884
1,21,,49094,49017,49104
1,21,,49994,49917,50004
1,21,,50031,49954,50041
1,21,,52431,52354,52441
1,21,,53331,53254,53341
1,21,,54794,54717,54804
1,21,,56331,56254,56341
1,21,,57194,57117,57204
1,21,,58094,58017,58104
1,21,,58131,58054,58141
1,21,,60831,60754,60841
1,21,,61094,61017,61104
1,21,,61551,61474,61561
1,21,,62271,62194,62281
1,21,,62294,62217,62304
1,21,,62991,62914,63001
1,21,,63194,63117,63204
1,21,,63711,63634,63721
1,21,,64374,64297,64384
1,21,,64431,64354,64441
1,21,,65094,65017,65104
1,21,,65151,65074,65161
1,21,,65814,65737,65824
1,21,,65871,65794,65881
1,21,,66534,66457,66544
1,21,,66591,66514,66601
1,21,,67254,67177,67264
1,21,,67611,67534,67621
1,21,,67974,67897,67984
1,21,,68511,68434,68521
1,21,,68694,68617,68704
1,21,,69414,69337,69424
1,21,,69531,69454,69541
1,21,,70134,70057,70144
1,21,,70371,70294,70381
1,21,,70854,70777,70864
1,21,,71031,70954,71041
1,21,,71454,71377,71464
1,21,,71874,71797,71884
1,21,,72231,72154,72241
1,21,,72654,72577,72664
1,21,,72891,72814,72901
1,21,,73394,73317,73404
1,21,,74031,73954,74041
1,21,,74294,74217,74304
1,21,,74931,74854,74941
1,21,,75194,75117,75204
1,21,,75831,75754,75841
1,21,,76094,76017,76104
1,21,,76994,76917,77004
1,21,,77011,76934,77021
1,21,,77894,77817,77904
1,21,,77931,77854,77941
1,21,,78794,78717,78804
1,21,,79131,79054,79141
1,21,,79694,79617,79704
1,21,,79891,79814,79901
1,21,,80594,80517,80604
1,21,,82994,82917,83004
1,21,,84494,84417,84504
1,20,,21740,21638,21750
1,20,,22050,21948,22060
1,20,,22580,22478,22590
1,20,,23240,23138,23250
1,20,,23470,23368,23480
1,20,,23610,23508,23620
1,20,,24260,24158,24270
1,20,,25100,24998,25110
1,20,,25520,25418,25530
1,20,,26120,26018,26130
1,20,,26410,26308,26420
1,20,,26780,26678,26790
1,20,,27130,27028,27140
1,20,,27200,27098,27210
1,20,,27620,27518,27630
1,20,,28090,27988,28100
1,20,,28160,28058,28170
1,20,,28820,28718,28830
1,20,,28990,28888,29000
1,20,,29480,29378,29490
1,20,,29950,29848,29960
1,20,,30290,30188,30300
1,20,,30670,30568,30680
1,20,,31010,30908,31020
1,20,,31910,31808,31920
1,20,,32050,31948,32060
1,20,,32710,32608,32720
1,20,,32930,32828,32940
1,20,,33370,33268,33380
1,20,,33710,33608,33720
1,20,,34030,33928,34040
1,20,,34690,34588,34700
1,20,,35210,35108,35220
1,20,,35410,35308,35420
1,20,,36110,36008,36120
1,20,,36310,36208,36320
1,20,,36710,36608,36720
1,20,,37510,37408,37520
1,20,,38410,38308,38420
1,20,,38810,38708,38820
1,20,,39910,39808,39920
1,20,,40010,39908,40020
1,20,,41210,41108,41220
1,20,,42110,42008,42120
1,20,,43510,43408,43520
1,20,,44410,44308,44420
1,20,,44510,44408,44520
1,20,,45410,45308,45420
1,20,,45910,45808,45920
1,20,,46690,46588,46700
1,20,,48910,48808,48920
1,20,,49810,49708,49820
1,20,,50210,50108,50220
1,20,,52610,52508,52620
1,20,,53510,53408,53520
1,20,,54610,54508,54620
1,20,,56510,56408,56520
1,20,,57010,56908,57020
1,20,,57910,57808,57920
1,20,,58310,58208,58320
1,20,,60910,60808,60920
1,20,,61010,60908,61020
1,20,,61730,61628,61740
1,20,,62110,62008,62120
1,20,,62450,62348,62460
1,20,,63010,62908,63020
1,20,,63170,63068,63180
1,20,,63890,63788,63900
1,20,,64180,64078,64190
1,20,,64610,64508,64620
1,20,,64900,64798,64910
1,20,,65330,65228,65340
1,20,,65620,65518,65630
1,20,,66050,65948,66060
1,20,,66340,66238,66350
1,20,,66770,66668,66780
1,20,,67060,66958,67070
1,20,,67780,67678,67790
1,20,,67790,67688,67800
1,20,,68500,68398,68510
1,20,,68690,68588,68700
1,20,,69220,69118,69230
1,20,,69710,69608,69720
1,20,,69940,69838,69950
1,20,,70550,70448,70560
1,20,,70660,70558,70670
1,20,,71210,71108,71220
1,20,,71260,71158,71270
1,20,,71680,71578,71690
1,20,,72410,72308,72420
1,20,,72460,72358,72470
1,20,,73070,72968,73080
1,20,,73210,73108,73220
1,20,,74110,74008,74120
1,20,,74210,74108,74220
1,20,,75010,74908,75020
1,20,,75110,75008,75120
1,20,,75910,75808,75920
1,20,,76010,75908,76020
1,20,,76810,76708,76820
1,20,,77120,77018,77130
1,20,,77710,77608,77720
1,20,,78110,78008,78120
1,20,,78610,78508,78620
1,20,,79310,79208,79320
1,20,,79510,79408,79520
1,20,,80000,79898,80010
1,20,,80410,80308,80420
1,20,,82810,82708,82820
1,20,,84310,84208,84320
1,19,,21851,21782,21861
1,19,,21959,21890,21969
1,19,,22691,22622,22701
1,19,,23351,23282,23361
1,19,,23519,23450,23529
1,19,,23551,23482,23561
1,19,,24371,24302,24381
1,19,,25211,25142,25221
1,19,,25631,25562,25641
1,19,,26231,26162,26241
1,19,,26309,26240,26319
1,19,,26891,26822,26901
1,19,,27029,26960,27039
1,19,,27311,27242,27321
1,19,,27731,27662,27741
1,19,,27989,27920,27999
1,19,,28271,28202,28281
1,19,,28889,28820,28899
1,19,,28931,28862,28941
1,19,,29591,29522,29601
1,19,,29849,29780,29859
1,19,,30391,30322,30401
1,19,,30569,30500,30579
1,19,,31111,31042,31121
1,19,,31949,31880,31959
1,19,,32011,31942,32021
1,19,,32609,32540,32619
1,19,,33031,32962,33041
1,19,,33269,33200,33279
1,19,,33811,33742,33821
1,19,,33929,33860,33939
1,19,,34589,34520,34599
1,19,,35309,35240,35319
1,19,,35311,35242,35321
1,19,,36209,36140,36219
1,19,,36211,36142,36221
1,19,,36811,36742,36821
1,19,,37409,37340,37419
1,19,,38309,38240,38319
1,19,,38911,38842,38921
1,19,,39809,39740,39819
1,19,,40111,40042,40121
1,19,,41311,41242,41321
1,19,,42211,42142,42221
1,19,,43409,43340,43419
1,19,,44309,44240,44319
1,19,,44611,44542,44621
1,19,,45511,45442,45521
1,19,,45809,45740,45819
1,19,,46589,46520,46599
1,19,,48809,48740,48819
1,19,,49709,49640,49719
1,19,,50311,50242,50321
1,19,,52711,52642,52721
1,19,,53611,53542,53621
1,19,,54509,54440,54519
1,19,,56611,56542,56621
1,19,,56909,56840,56919
1,19,,57809,57740,57819
1,19,,58411,58342,58421
1,19,,60809,60740,60819
1,19,,61111,61042,61121
1,19,,61831,61762,61841
1,19,,62009,61940,62019
1,19,,62551,62482,62561
1,19,,62909,62840,62919
1,19,,63271,63202,63281
1,19,,63991,63922,64001
1,19,,64069,64000,64079
1,19,,64711,64642,64721
1,19,,64789,64720,64799
1,19,,65431,65362,65441
1,19,,65509,65440,65519
1,19,,66151,66082,66161
1,19,,66229,66160,66239
1,19,,66871,66802,66881
1,19,,66949,66880,66959
1,19,,67669,67600,67679
1,19,,67891,67822,67901
1,19,,68389,68320,68399
1,19,,68791,68722,68801
1,19,,69109,69040,69119
1,19,,69811,69742,69821
1,19,,69829,69760,69839
1,19,,70549,70480,70559
1,19,,70651,70582,70661
1,19,,71149,71080,71159
1,19,,71311,71242,71321
1,19,,71569,71500,71579
1,19,,72349,72280,72359
1,19,,72511,72442,72521
1,19,,73109,73040,73119
1,19,,73171,73102,73181
1,19,,74009,73940,74019
1,19,,74311,74242,74321
1,19,,74909,74840,74919
1,19,,75211,75142,75221
1,19,,75809,75740,75819
1,19,,76111,76042,76121
1,19,,76709,76640,76719
1,19,,77201,77132,77211
1,19,,77609,77540,77619
1,19,,78211,78142,78221
1,19,,78509,78440,78519
1,19,,79409,79340,79419
1,19,,79411,79342,79421
1,19,,80081,80012,80091
1,19,,80309,80240,80319
1,19,,82709,82640,82719
1,19,,84209,84140,84219
1,18,,21896,21775,21906
1,18,,21914,21839,21924
1,18,,22736,22679,22746
1,18,,23396,23335,23406
1,18,,23474,23339,23484
1,18,,23596,23539,23606
1,18,,24416,24359,24426
1,18,,25256,25199,25266
1,18,,25676,25619,25686
1,18,,26264,26125,26274
1,18,,26276,26219,26286
1,18,,26936,26845,26946
1,18,,26984,26879,26994
1,18,,27356,27299,27366
1,18,,27776,27719,27786
1,18,,27944,27805,27954
1,18,,28316,28259,28326
1,18,,28844,28705,28854
1,18,,28976,28919,28986
1,18,,29636,29579,29646
1,18,,29804,29665,29814
1,18,,30436,30379,30446
1,18,,30524,30385,30534
1,18,,31156,31099,31166
1,18,,31904,31765,31914
1,18,,32056,31999,32066
1,18,,32564,32425,32574
1,18,,33076,33019,33086
1,18,,33224,33085,33234
1,18,,33856,33745,33866
1,18,,33884,33799,33894
1,18,,34544,34405,34554
1,18,,35264,35125,35274
1,18,,35356,35299,35366
1,18,,36164,36025,36174
1,18,,36256,36199,36266
1,18,,36856,36799,36866
1,18,,37364,37225,37374
1,18,,38264,38125,38274
1,18,,38956,38899,38966
1,18,,39764,39625,39774
1,18,,40156,40099,40166
1,18,,41356,41299,41366
1,18,,42256,42199,42266
1,18,,43364,43225,43374
1,18,,44264,44125,44274
1,18,,44656,44599,44666
1,18,,45556,45499,45566
1,18,,45764,45625,45774
1,18,,46544,46405,46554
1,18,,48764,48625,48774
1,18,,49664,49525,49674
1,18,,50356,50299,50366
1,18,,52756,52699,52766
1,18,,53656,53599,53666
1,18,,54464,54325,54474
1,18,,56656,56599,56666
1,18,,56864,56725,56874
1,18,,57764,57625,57774
1,18,,58456,58399,58466
1,18,,60764,60625,60774
1,18,,61156,61099,61166
1,18,,61876,61819,61886
1,18,,61964,61825,61974
1,18,,62596,62539,62606
1,18,,62864,62725,62874
1,18,,63316,63259,63326
1,18,,64024,63885,64034
1,18,,64036,63979,64046
1,18,,64744,64605,64754
1,18,,64756,64699,64766
1,18,,65464,65325,65474
1,18,,65476,65419,65486
1,18,,66184,66045,66194
1,18,,66196,66139,66206
1,18,,66904,66765,66914
1,18,,66916,66859,66926
1,18,,67624,67485,67634
1,18,,67936,67879,67946
1,18,,68344,68205,68354
1,18,,68836,68779,68846
1,18,,69064,68925,69074
1,18,,69784,69645,69794
1,18,,69856,69799,69866
1,18,,70504,70365,70514
1,18,,70696,70639,70706
1,18,,71104,70965,71114
1,18,,71356,71299,71366
1,18,,71524,71385,71534
1,18,,72304,72165,72314
1,18,,72556,72499,72566
1,18,,73064,72925,73074
1,18,,73216,73159,73226
1,18,,73964,73825,73974
1,18,,74356,74299,74366
1,18,,74864,74725,74874
1,18,,75256,75199,75266
1,18,,75764,75625,75774
1,18,,76156,76099,76166
1,18,,76664,76525,76674
1,18,,77246,77189,77256
1,18,,77564,77425,77574
1,18,,78256,78199,78266
1,18,,78464,78325,78474
1,18,,79364,79225,79374
1,18,,79456,79399,79466
1,18,,80126,80069,80136
1,18,,80264,80125,80274
1,18,,82664,82525,82674
1,18,,84164,84025,84174
1,17,,21884,21808,21894
1,17,,21946,21827,21956
1,17,,22786,22648,22796
1,17,,23444,23308,23454
1,17,,23446,23387,23456
1,17,,23826,23688,23836
1,17,,24466,24328,24476
1,17,,25306,25168,25316
1,17,,25726,25588,25736
1,17,,26224,26167,26234
1,17,,26326,26188,26336
1,17,,26944,26848,26954
1,17,,26986,26887,26996
1,17,,27406,27268,27416
1,17,,27826,27688,27836
1,17,,27904,27847,27914
1,17,,28366,28228,28376
1,17,,28804,28747,28814
1,17,,29026,28888,29036
1,17,,29686,29548,29696
1,17,,29764,29707,29774
1,17,,30476,30338,30486
1,17,,30484,30427,30494
1,17,,31196,31058,31206
1,17,,31864,31807,31874
1,17,,32096,31958,32106
1,17,,32524,32467,32534
1,17,,33116,32978,33126
1,17,,33184,33127,33194
1,17,,33844,33758,33854
1,17,,33896,33787,33906
1,17,,34504,34447,34514
1,17,,35224,35167,35234
1,17,,35396,35258,35406
1,17,,36124,36067,36134
1,17,,36296,36158,36306
1,17,,36896,36758,36906
1,17,,37324,37267,37334
1,17,,38224,38167,38234
1,17,,38996,38858,39006
1,17,,39724,39667,39734
1,17,,40196,40058,40206
1,17,,41396,41258,41406
1,17,,42296,42158,42306
1,17,,43324,43267,43334
1,17,,44224,44167,44234
1,17,,44696,44558,44706
1,17,,45596,45458,45606
1,17,,45724,45667,45734
1,17,,46504,46447,46514
1,17,,48724,48667,48734
1,17,,49624,49567,49634
1,17,,50396,50258,50406
1,17,,52796,52658,52806
1,17,,53696,53558,53706
1,17,,54424,54367,54434
1,17,,56696,56558,56706
1,17,,56824,56767,56834
1,17,,57724,57667,57734
1,17,,58496,58358,58506
1,17,,60724,60667,60734
1,17,,61196,61058,61206
1,17,,61916,61778,61926
1,17,,61924,61867,61934
1,17,,62636,62498,62646
1,17,,62824,62767,62834
1,17,,63356,63218,63366
1,17,,63974,63917,63984
1,17,,64076,63938,64086
1,17,,64694,64637,64704
1,17,,64796,64658,64806
1,17,,65414,65357,65424
1,17,,65516,65378,65526
1,17,,66134,66077,66144
1,17,,66236,66098,66246
1,17,,66854,66797,66864
1,17,,66956,66818,66966
1,17,,67574,67517,67584
1,17,,67976,67838,67986
1,17,,68294,68237,68304
1,17,,68876,68738,68886
1,17,,69014,68957,69024
1,17,,69734,69677,69744
1,17,,69896,69758,69906
1,17,,70454,70397,70464
1,17,,70736,70598,70746
1,17,,71054,70997,71064
1,17,,71396,71258,71406
1,17,,71474,71417,71484
1,17,,72254,72197,72264
1,17,,72596,72458,72606
1,17,,73024,72967,73034
1,17,,73256,73118,73266
1,17,,73924,73867,73934
1,17,,74396,74258,74406
1,17,,74824,74767,74834
1,17,,75296,75158,75306
1,17,,75724,75667,75734
1,17,,76196,76058,76206
1,17,,76624,76567,76634
1,17,,77266,77128,77276
1,17,,77524,77467,77534
1,17,,78296,78158,78306
1,17,,78424,78367,78434
1,17,,79324,79267,79334
1,17,,79496,79358,79506
1,17,,80146,80008,80156
1,17,,80224,80167,80234
1,17,,82624,82567,82634
1,17,,84124,84067,84134
1,16,,21789,21732,21799
1,16,,22041,21984,22051
1,16,,22881,22824,22891
1,16,,23349,23292,23359
1,16,,23541,23484,23551
1,16,,23921,23864,23931
1,16,,24561,24504,24571
1,16,,25401,25344,25411
1,16,,25821,25764,25831
1,16,,26129,26072,26139
1,16,,26421,26364,26431
1,16,,26849,26792,26859
1,16,,27081,27024,27091
1,16,,27501,27444,27511
1,16,,27809,27752,27819
1,16,,27921,27864,27931
1,16,,28461,28404,28471
1,16,,28709,28652,28719
1,16,,29121,29064,29131
1,16,,29669,29612,29679
1,16,,29781,29724,29791
1,16,,30389,30332,30399
1,16,,30571,30514,30581
1,16,,31291,31234,31301
1,16,,31769,31712,31779
1,16,,32191,32134,32201
1,16,,32429,32372,32439
1,16,,33089,33032,33099
1,16,,33211,33154,33221
1,16,,33749,33692,33759
1,16,,33991,33934,34001
1,16,,34409,34352,34419
1,16,,35129,35072,35139
1,16,,35491,35434,35501
1,16,,36029,35972,36039
1,16,,36391,36334,36401
1,16,,36991,36934,37001
1,16,,37229,37172,37239
1,16,,38129,38072,38139
1,16,,39091,39034,39101
1,16,,39629,39572,39639
1,16,,40291,40234,40301
1,16,,41491,41434,41501
1,16,,42391,42334,42401
1,16,,43229,43172,43239
1,16,,44129,44072,44139
1,16,,44791,44734,44801
1,16,,45629,45572,45639
1,16,,45691,45634,45701
1,16,,46409,46352,46419
1,16,,48629,48572,48639
1,16,,49529,49472,49539
1,16,,50491,50434,50501
1,16,,52891,52834,52901
1,16,,53791,53734,53801
1,16,,54329,54272,54339
1,16,,56729,56672,56739
1,16,,56791,56734,56801
1,16,,57629,57572,57639
1,16,,58591,58534,58601
1,16,,60629,60572,60639
1,16,,61291,61234,61301
1,16,,61829,61772,61839
1,16,,62011,61954,62021
1,16,,62729,62672,62739
1,16,,62731,62674,62741
1,16,,63451,63394,63461
1,16,,63879,63822,63889
1,16,,64171,64114,64181
1,16,,64599,64542,64609
1,16,,64891,64834,64901
1,16,,65319,65262,65329
1,16,,65611,65554,65621
1,16,,66039,65982,66049
1,16,,66331,66274,66341
1,16,,66759,66702,66769
1,16,,67051,66994,67061
1,16,,67479,67422,67489
1,16,,68071,68014,68081
1,16,,68199,68142,68209
1,16,,68919,68862,68929
1,16,,68971,68914,68981
1,16,,69639,69582,69649
1,16,,69991,69934,70001
1,16,,70359,70302,70369
1,16,,70831,70774,70841
1,16,,70959,70902,70969
1,16,,71379,71322,71389
1,16,,71491,71434,71501
1,16,,72159,72102,72169
1,16,,72691,72634,72701
1,16,,72929,72872,72939
1,16,,73351,73294,73361
1,16,,73829,73772,73839
1,16,,74491,74434,74501
1,16,,74729,74672,74739
1,16,,75391,75334,75401
1,16,,75629,75572,75639
1,16,,76291,76234,76301
1,16,,76529,76472,76539
1,16,,77361,77304,77371
1,16,,77429,77372,77439
1,16,,78329,78272,78339
1,16,,78391,78334,78401
1,16,,79229,79172,79239
1,16,,79591,79534,79601
1,16,,80129,80072,80139
1,16,,80241,80184,80251
1,16,,82529,82472,82539
1,16,,84029,83972,84039
1,15,,21695,21556,21705
1,15,,22135,22079,22145
1,15,,22975,22919,22985
1,15,,23255,23116,23265
1,15,,23635,23579,23645
1,15,,24015,23959,24025
1,15,,24655,24599,24665
1,15,,25495,25439,25505
1,15,,25915,25859,25925
1,15,,26035,25896,26045
1,15,,26515,26459,26525
1,15,,26755,26616,26765
1,15,,27175,27119,27185
1,15,,27595,27539,27605
1,15,,27715,27576,27725
1,15,,28015,27959,28025
1,15,,28555,28476,28565
1,15,,28615,28499,28625
1,15,,29215,29159,29225
1,15,,29575,29436,29585
1,15,,29875,29819,29885
1,15,,30295,30156,30305
1,15,,30665,30609,30675
1,15,,31385,31329,31395
1,15,,31675,31536,31685
1,15,,32285,32196,32295
1,15,,32335,32229,32345
1,15,,32995,32856,33005
1,15,,33305,33249,33315
1,15,,33655,33516,33665
1,15,,34085,34029,34095
1,15,,34315,34176,34325
1,15,,35035,34896,35045
1,15,,35585,35529,35595
1,15,,35935,35796,35945
1,15,,36485,36429,36495
1,15,,37085,36996,37095
1,15,,37135,37029,37145
1,15,,38035,37896,38045
1,15,,39185,39129,39195
1,15,,39535,39396,39545
1,15,,40385,40329,40395
1,15,,41585,41529,41595
1,15,,42485,42429,42495
1,15,,43135,42996,43145
1,15,,44035,43896,44045
1,15,,44885,44829,44895
1,15,,45535,45396,45545
1,15,,45785,45729,45795
1,15,,46315,46176,46325
1,15,,48535,48396,48545
1,15,,49435,49296,49445
1,15,,50585,50529,50595
1,15,,52985,52929,52995
1,15,,53885,53829,53895
1,15,,54235,54096,54245
1,15,,56635,56496,56645
1,15,,56885,56829,56895
1,15,,57535,57396,57545
1,15,,58685,58629,58695
1,15,,60535,60396,60545
1,15,,61385,61329,61395
1,15,,61735,61596,61745
1,15,,62105,62049,62115
1,15,,62635,62496,62645
1,15,,62825,62769,62835
1,15,,63545,63489,63555
1,15,,63785,63646,63795
1,15,,64265,64209,64275
1,15,,64505,64366,64515
1,15,,64985,64929,64995
1,15,,65225,65086,65235
1,15,,65705,65649,65715
1,15,,65945,65806,65955
1,15,,66425,66369,66435
1,15,,66665,66526,66675
1,15,,67145,67089,67155
1,15,,67385,67246,67395
1,15,,68105,67966,68115
1,15,,68165,68109,68175
1,15,,68825,68686,68835
1,15,,69065,69009,69075
1,15,,69545,69406,69555
1,15,,70085,70029,70095
1,15,,70265,70126,70275
1,15,,70865,70726,70875
1,15,,70925,70869,70935
1,15,,71285,71146,71295
1,15,,71585,71529,71595
1,15,,72065,71926,72075
1,15,,72785,72696,72795
1,15,,72835,72729,72845
1,15,,73445,73389,73455
1,15,,73735,73596,73745
1,15,,74585,74496,74595
1,15,,74635,74529,74645
1,15,,75485,75396,75495
1,15,,75535,75429,75545
1,15,,76385,76296,76395
1,15,,76435,76329,76445
1,15,,77335,77196,77345
1,15,,77455,77399,77465
1,15,,78235,78096,78245
1,15,,78485,78429,78495
1,15,,79135,78996,79145
1,15,,79685,79629,79695
1,15,,80035,79896,80045
1,15,,80335,80279,80345
1,15,,82435,82296,82445
1,15,,83935,83796,83945
1,14,,21424,21367,21434
1,14,,22251,22194,22261
1,14,,22984,22927,22994
1,14,,23091,23034,23101
1,14,,23751,23694,23761
1,14,,24171,24114,24181
1,14,,24771,24714,24781
1,14,,25611,25554,25621
1,14,,25934,25877,25944
1,14,,26031,25974,26041
1,14,,26631,26574,26641
1,14,,26654,26597,26664
1,14,,27291,27234,27301
1,14,,27614,27557,27624
1,14,,27711,27654,27721
1,14,,28131,28074,28141
1,14,,28514,28457,28524
1,14,,28671,28614,28681
1,14,,29331,29274,29341
1,14,,29474,29417,29484
1,14,,29991,29934,30001
1,14,,30194,30137,30204
1,14,,30771,30714,30781
1,14,,31491,31434,31501
1,14,,31574,31517,31584
1,14,,32234,32177,32244
1,14,,32391,32334,32401
1,14,,32894,32837,32904
1,14,,33411,33354,33421
1,14,,33554,33497,33564
1,14,,34191,34134,34201
1,14,,34214,34157,34224
1,14,,34934,34877,34944
1,14,,35691,35634,35701
1,14,,35834,35777,35844
1,14,,36591,36534,36601
1,14,,37034,36977,37044
1,14,,37191,37134,37201
1,14,,37934,37877,37944
1,14,,39291,39234,39301
1,14,,39434,39377,39444
1,14,,40491,40434,40501
1,14,,41691,41634,41701
1,14,,42591,42534,42601
1,14,,43034,42977,43044
1,14,,43934,43877,43944
1,14,,44991,44934,45001
1,14,,45434,45377,45444
1,14,,45891,45834,45901
1,14,,46214,46157,46224
1,14,,48434,48377,48444
1,14,,49334,49277,49344
1,14,,50691,50634,50701
1,14,,53091,53034,53101
1,14,,53991,53934,54001
1,14,,54134,54077,54144
1,14,,56534,56477,56544
1,14,,56991,56934,57001
1,14,,57434,57377,57444
1,14,,58791,58734,58801
1,14,,60434,60377,60444
1,14,,61491,61434,61501
1,14,,61634,61577,61644
1,14,,62211,62154,62221
1,14,,62534,62477,62544
1,14,,62931,62874,62941
1,14,,63651,63594,63661
1,14,,63669,63612,63679
1,14,,64371,64314,64381
1,14,,64389,64332,64399
1,14,,65091,65034,65101
1,14,,65109,65052,65119
1,14,,65811,65754,65821
1,14,,65829,65772,65839
1,14,,66531,66474,66541
1,14,,66549,66492,66559
1,14,,67251,67194,67261
1,14,,67269,67212,67279
1,14,,67989,67932,67999
1,14,,68271,68214,68281
1,14,,68709,68652,68719
1,14,,69171,69114,69181
1,14,,69429,69372,69439
1,14,,70149,70092,70159
1,14,,70191,70134,70201
1,14,,70749,70692,70759
1,14,,71031,70974,71041
1,14,,71169,71112,71179
1,14,,71691,71634,71701
1,14,,71949,71892,71959
1,14,,72734,72677,72744
1,14,,72891,72834,72901
1,14,,73551,73494,73561
1,14,,73634,73577,73644
1,14,,74534,74477,74544
1,14,,74691,74634,74701
1,14,,75434,75377,75444
1,14,,75591,75534,75601
1,14,,76334,76277,76344
1,14,,76491,76434,76501
1,14,,77234,77177,77244
1,14,,77461,77404,77471
1,14,,78134,78077,78144
1,14,,78591,78534,78601
1,14,,79034,78977,79044
1,14,,79791,79734,79801
1,14,,79934,79877,79944
1,14,,80341,80284,80351
1,14,,82334,82277,82344
1,14,,83834,83777,83844
1,13,,21250,21193,21260
1,13,,22425,22368,22435
1,13,,22810,22753,22820
1,13,,23265,23208,23275
1,13,,23925,23868,23935
1,13,,24345,24288,24355
1,13,,24945,24888,24955
1,13,,25760,25703,25770
1,13,,25785,25728,25795
1,13,,26205,26148,26215
1,13,,26480,26423,26490
1,13,,26805,26748,26815
1,13,,27440,27383,27450
1,13,,27465,27408,27475
1,13,,27885,27828,27895
1,13,,28305,28248,28315
1,13,,28340,28283,28350
1,13,,28845,28788,28855
1,13,,29300,29243,29310
1,13,,29505,29448,29515
1,13,,30020,29963,30030
1,13,,30165,30108,30175
1,13,,30945,30888,30955
1,13,,31400,31343,31410
1,13,,31665,31608,31675
1,13,,32060,32003,32070
1,13,,32565,32508,32575
1,13,,32720,32663,32730
1,13,,33380,33323,33390
1,13,,33585,33528,33595
1,13,,34040,33983,34050
1,13,,34365,34308,34375
1,13,,34760,34703,34770
1,13,,35660,35603,35670
1,13,,35865,35808,35875
1,13,,36765,36708,36775
1,13,,36860,36803,36870
1,13,,37365,37308,37375
1,13,,37760,37703,37770
1,13,,39260,39203,39270
1,13,,39465,39408,39475
1,13,,40665,40608,40675
1,13,,41865,41808,41875
1,13,,42765,42708,42775
1,13,,42860,42803,42870
1,13,,43760,43703,43770
1,13,,45165,45108,45175
1,13,,45260,45203,45270
1,13,,46040,45983,46050
1,13,,46065,46008,46075
1,13,,48260,48203,48270
1,13,,49160,49103,49170
1,13,,50865,50808,50875
1,13,,53265,53208,53275
1,13,,53960,53903,53970
1,13,,54165,54108,54175
1,13,,56360,56303,56370
1,13,,57165,57108,57175
1,13,,57260,57203,57270
1,13,,58965,58908,58975
1,13,,60260,60203,60270
1,13,,61460,61403,61470
1,13,,61665,61608,61675
1,13,,62360,62303,62370
1,13,,62385,62328,62395
1,13,,63105,63048,63115
1,13,,63495,63438,63505
1,13,,63825,63768,63835
1,13,,64215,64158,64225
1,13,,64545,64488,64555
1,13,,64935,64878,64945
1,13,,65265,65208,65275
1,13,,65655,65598,65665
1,13,,65985,65928,65995
1,13,,66375,66318,66385
1,13,,66705,66648,66715
1,13,,67095,67038,67105
1,13,,67425,67368,67435
1,13,,67815,67758,67825
1,13,,68445,68388,68455
1,13,,68535,68478,68545
1,13,,69255,69198,69265
1,13,,69345,69288,69355
1,13,,69975,69918,69985
1,13,,70365,70308,70375
1,13,,70575,70518,70585
1,13,,70995,70938,71005
1,13,,71205,71148,71215
1,13,,71775,71718,71785
1,13,,71865,71808,71875
1,13,,72560,72503,72570
1,13,,73065,73008,73075
1,13,,73460,73403,73470
1,13,,73725,73668,73735
1,13,,74360,74303,74370
1,13,,74865,74808,74875
1,13,,75260,75203,75270
1,13,,75765,75708,75775
1,13,,76160,76103,76170
1,13,,76665,76608,76675
1,13,,77060,77003,77070
1,13,,77635,77578,77645
1,13,,77960,77903,77970
1,13,,78765,78708,78775
1,13,,78860,78803,78870
1,13,,79760,79703,79770
1,13,,79965,79908,79975
1,13,,80515,80458,80525
1,13,,82160,82103,82170
1,13,,83660,83603,83670
1,12,,21097,21040,21107
1,12,,22588,22450,22598
1,12,,22657,22600,22667
1,12,,23428,23290,23438
1,12,,24088,23950,24098
1,12,,24508,24370,24518
1,12,,25108,24970,25118
1,12,,25612,25555,25622
1,12,,25948,25810,25958
1,12,,26332,26230,26342
1,12,,26368,26275,26378
1,12,,26968,26830,26978
1,12,,27292,27235,27302
1,12,,27628,27490,27638
1,12,,28048,27910,28058
1,12,,28192,28135,28202
1,12,,28468,28330,28478
1,12,,29008,28870,29018
1,12,,29152,29095,29162
1,12,,29668,29530,29678
1,12,,29872,29815,29882
1,12,,30328,30190,30338
1,12,,31093,30955,31103
1,12,,31252,31195,31262
1,12,,31813,31675,31823
1,12,,31912,31855,31922
1,12,,32572,32515,32582
1,12,,32713,32575,32723
1,12,,33232,33175,33242
1,12,,33733,33595,33743
1,12,,33892,33835,33902
1,12,,34513,34375,34523
1,12,,34612,34555,34622
1,12,,35512,35455,35522
1,12,,36013,35875,36023
1,12,,36712,36655,36722
1,12,,36913,36775,36923
1,12,,37513,37375,37523
1,12,,37612,37555,37622
1,12,,39112,39055,39122
1,12,,39613,39475,39623
1,12,,40813,40675,40823
1,12,,42013,41875,42023
1,12,,42712,42655,42722
1,12,,42913,42775,42923
1,12,,43612,43555,43622
1,12,,45112,45055,45122
1,12,,45313,45175,45323
1,12,,45892,45835,45902
1,12,,46213,46075,46223
1,12,,48112,48055,48122
1,12,,49012,48955,49022
1,12,,51013,50875,51023
1,12,,53413,53275,53423
1,12,,53812,53755,53822
1,12,,54313,54175,54323
1,12,,56212,56155,56222
1,12,,57112,57055,57122
1,12,,57313,57175,57323
1,12,,59113,58975,59123
1,12,,60112,60055,60122
1,12,,61312,61255,61322
1,12,,61813,61675,61823
1,12,,62212,62155,62222
1,12,,62533,62395,62543
1,12,,63253,63115,63263
1,12,,63332,63275,63342
1,12,,63973,63835,63983
1,12,,64052,63995,64062
1,12,,64693,64555,64703
1,12,,64772,64715,64782
1,12,,65413,65275,65423
1,12,,65492,65435,65502
1,12,,66133,65995,66143
1,12,,66212,66155,66222
1,12,,66853,66715,66863
1,12,,66932,66875,66942
1,12,,67573,67435,67583
1,12,,67652,67595,67662
1,12,,68372,68315,68382
1,12,,68593,68455,68603
1,12,,69092,69035,69102
1,12,,69493,69355,69503
1,12,,69812,69755,69822
1,12,,70412,70355,70422
1,12,,70513,70375,70523
1,12,,70832,70775,70842
1,12,,71353,71215,71363
1,12,,71612,71555,71622
1,12,,72013,71875,72023
1,12,,72412,72355,72422
1,12,,73213,73075,73223
1,12,,73312,73255,73322
1,12,,73873,73735,73883
1,12,,74212,74155,74222
1,12,,75013,74875,75023
1,12,,75112,75055,75122
1,12,,75913,75775,75923
1,12,,76012,75955,76022
1,12,,76813,76675,76823
1,12,,76912,76855,76922
1,12,,77763,77625,77773
1,12,,77812,77755,77822
1,12,,78712,78655,78722
1,12,,78913,78775,78923
1,12,,79612,79555,79622
1,12,,80113,79975,80123
1,12,,80643,80505,80653
1,12,,82012,81955,82022
1,12,,83512,83455,83522
1,11,,21013,20956,21023
1,11,,22573,22516,22583
1,11,,22672,22618,22682
1,11,,23512,23458,23522
1,11,,24172,24118,24182
1,11,,24592,24538,24602
1,11,,25192,25138,25202
1,11,,25528,25471,25538
1,11,,26032,25978,26042
1,11,,26248,26191,26258
1,11,,26452,26398,26462
1,11,,27052,26998,27062
1,11,,27208,27151,27218
1,11,,27712,27658,27722
1,11,,28108,28051,28118
1,11,,28132,28078,28142
1,11,,28552,28498,28562
1,11,,29068,29011,29078
1,11,,29092,29038,29102
1,11,,29752,29698,29762
1,11,,29788,29731,29798
1,11,,30412,30358,30422
1,11,,31168,31111,31178
1,11,,31177,31123,31187
1,11,,31828,31771,31838
1,11,,31897,31843,31907
1,11,,32488,32431,32498
1,11,,32797,32743,32807
1,11,,33148,33091,33158
1,11,,33808,33751,33818
1,11,,33817,33763,33827
1,11,,34528,34471,34538
1,11,,34597,34543,34607
1,11,,35428,35371,35438
1,11,,36097,36043,36107
1,11,,36628,36571,36638
1,11,,36997,36943,37007
1,11,,37528,37471,37538
1,11,,37597,37543,37607
1,11,,39028,38971,39038
1,11,,39697,39643,39707
1,11,,40897,40843,40907
1,11,,42097,42043,42107
1,11,,42628,42571,42638
1,11,,42997,42943,43007
1,11,,43528,43471,43538
1,11,,45028,44971,45038
1,11,,45397,45343,45407
1,11,,45808,45751,45818
1,11,,46297,46243,46307
1,11,,48028,47971,48038
1,11,,48928,48871,48938
1,11,,51097,51043,51107
1,11,,53497,53443,53507
1,11,,53728,53671,53738
1,11,,54397,54343,54407
1,11,,56128,56071,56138
1,11,,57028,56971,57038
1,11,,57397,57343,57407
1,11,,59197,59143,59207
1,11,,60028,59971,60038
1,11,,61228,61171,61238
1,11,,61897,61843,61907
1,11,,62128,62071,62138
1,11,,62617,62563,62627
1,11,,63248,63191,63258
1,11,,63337,63283,63347
1,11,,63968,63911,63978
1,11,,64057,64003,64067
1,11,,64688,64631,64698
1,11,,64777,64723,64787
1,11,,65408,65351,65418
1,11,,65497,65443,65507
1,11,,66128,66071,66138
1,11,,66217,66163,66227
1,11,,66848,66791,66858
1,11,,66937,66883,66947
1,11,,67568,67511,67578
1,11,,67657,67603,67667
1,11,,68288,68231,68298
1,11,,68677,68623,68687
1,11,,69008,68951,69018
1,11,,69577,69523,69587
1,11,,69728,69671,69738
1,11,,70328,70271,70338
1,11,,70597,70543,70607
1,11,,70748,70691,70758
1,11,,71437,71383,71447
1,11,,71528,71471,71538
1,11,,72097,72043,72107
1,11,,72328,72271,72338
1,11,,73228,73171,73238
1,11,,73297,73243,73307
1,11,,73957,73903,73967
1,11,,74128,74071,74138
1,11,,75028,74971,75038
1,11,,75097,75043,75107
1,11,,75928,75871,75938
1,11,,75997,75943,76007
1,11,,76828,76771,76838
1,11,,76897,76843,76907
1,11,,77728,77671,77738
1,11,,77847,77793,77857
1,11,,78628,78571,78638
1,11,,78997,78943,79007
1,11,,79528,79471,79538
1,11,,80197,80143,80207
1,11,,80727,80673,80737
1,11,,81928,81871,81938
1,11,,83428,83371,83438
1,10,,20947,20808,20957
1,10,,22507,22368,22517
1,10,,22738,22684,22748
1,10,,23578,23524,23588
1,10,,24238,24184,24248
1,10,,24658,24604,24668
1,10,,25258,25204,25268
1,10,,25462,25323,25472
1,10,,26098,26043,26108
1,10,,26182,26044,26192
1,10,,26518,26464,26528
1,10,,27118,27003,27128
1,10,,27142,27064,27152
1,10,,27778,27724,27788
1,10,,28042,27903,28052
1,10,,28198,28144,28208
1,10,,28618,28564,28628
1,10,,29002,28863,29012
1,10,,29158,29104,29168
1,10,,29722,29583,29732
1,10,,29818,29764,29828
1,10,,30478,30424,30488
1,10,,31102,30963,31112
1,10,,31243,31189,31253
1,10,,31762,31623,31772
1,10,,31963,31909,31973
1,10,,32422,32283,32432
1,10,,32863,32809,32873
1,10,,33082,32943,33092
1,10,,33742,33603,33752
1,10,,33883,33829,33893
1,10,,34462,34323,34472
1,10,,34663,34609,34673
1,10,,35362,35223,35372
1,10,,36163,36109,36173
1,10,,36562,36423,36572
1,10,,37063,37009,37073
1,10,,37462,37323,37472
1,10,,37663,37609,37673
1,10,,38962,38823,38972
1,10,,39763,39709,39773
1,10,,40963,40909,40973
1,10,,42163,42109,42173
1,10,,42562,42423,42572
1,10,,43063,43009,43073
1,10,,43462,43323,43472
1,10,,44962,44823,44972
1,10,,45463,45409,45473
1,10,,45742,45603,45752
1,10,,46363,46309,46373
1,10,,47962,47823,47972
1,10,,48862,48723,48872
1,10,,51163,51109,51173
1,10,,53563,53509,53573
1,10,,53662,53523,53672
1,10,,54463,54409,54473
1,10,,56062,55923,56072
1,10,,56962,56823,56972
1,10,,57463,57409,57473
1,10,,59263,59209,59273
1,10,,59962,59823,59972
1,10,,61162,61023,61172
1,10,,61963,61909,61973
1,10,,62062,61923,62072
1,10,,62683,62629,62693
1,10,,63182,63043,63192
1,10,,63403,63349,63413
1,10,,63902,63763,63912
1,10,,64123,64069,64133
1,10,,64622,64483,64632
1,10,,64843,64789,64853
1,10,,65342,65203,65352
1,10,,65563,65509,65573
1,10,,66062,65923,66072
1,10,,66283,66229,66293
1,10,,66782,66643,66792
1,10,,67003,66949,67013
1,10,,67502,67363,67512
1,10,,67723,67669,67733
1,10,,68222,68083,68232
1,10,,68743,68689,68753
1,10,,68942,68803,68952
1,10,,69643,69523,69653
1,10,,69662,69589,69672
1,10,,70262,70123,70272
1,10,,70663,70543,70673
1,10,,70682,70609,70692
1,10,,71462,71323,71472
1,10,,71503,71449,71513
1,10,,72163,72109,72173
1,10,,72262,72123,72272
1,10,,73162,73023,73172
1,10,,73363,73309,73373
1,10,,74023,73923,74033
1,10,,74062,73969,74072
1,10,,74962,74823,74972
1,10,,75163,75109,75173
1,10,,75862,75723,75872
1,10,,76063,76009,76073
1,10,,76762,76623,76772
1,10,,76963,76909,76973
1,10,,77662,77523,77672
1,10,,77913,77859,77923
1,10,,78562,78423,78572
1,10,,79063,79009,79073
1,10,,79462,79323,79472
1,10,,80263,80209,80273
1,10,,80793,80739,80803
1,10,,81862,81723,81872
1,10,,83362,83223,83372
1,8,,20828,20689,20838
1,8,,22912,22774,22922
1,8,,23752,23614,23762
1,8,,24412,24274,24422
1,8,,24832,24694,24842
1,8,,25298,25159,25308
1,8,,25432,25294,25442
1,8,,26018,25879,26028
1,8,,26272,26134,26282
1,8,,26692,26554,26702
1,8,,26978,26839,26988
1,8,,27292,27154,27302
1,8,,27878,27739,27888
1,8,,27952,27814,27962
1,8,,28372,28234,28382
1,8,,28792,28654,28802
1,8,,28838,28699,28848
1,8,,29332,29194,29342
1,8,,29558,29419,29568
1,8,,29992,29854,30002
1,8,,30652,30514,30662
1,8,,30938,30799,30948
1,8,,31402,31264,31412
1,8,,31598,31459,31608
1,8,,32122,31984,32132
1,8,,32258,32119,32268
1,8,,32918,32779,32928
1,8,,33022,32884,33032
1,8,,33578,33439,33588
1,8,,34042,33904,34052
1,8,,34298,34159,34308
1,8,,34822,34684,34832
1,8,,35198,35059,35208
1,8,,36322,36184,36332
1,8,,36398,36259,36408
1,8,,37222,37084,37232
1,8,,37298,37159,37308
1,8,,37822,37684,37832
1,8,,38798,38659,38808
1,8,,39922,39784,39932
1,8,,41122,40984,41132
1,8,,42322,42184,42332
1,8,,42398,42259,42408
1,8,,43222,43084,43232
1,8,,43298,43159,43308
1,8,,44798,44659,44808
1,8,,45578,45439,45588
1,8,,45622,45484,45632
1,8,,46522,46384,46532
1,8,,47798,47659,47808
1,8,,48698,48559,48708
1,8,,51322,51184,51332
1,8,,53498,53359,53508
1,8,,53722,53584,53732
1,8,,54622,54484,54632
1,8,,55898,55759,55908
1,8,,56798,56659,56808
1,8,,57622,57484,57632
1,8,,59422,59284,59432
1,8,,59798,59659,59808
1,8,,60998,60859,61008
1,8,,61898,61759,61908
1,8,,62122,61984,62132
1,8,,62842,62704,62852
1,8,,63008,62869,63018
1,8,,63562,63424,63572
1,8,,63728,63589,63738
1,8,,64282,64144,64292
1,8,,64448,64309,64458
1,8,,65002,64864,65012
1,8,,65168,65029,65178
1,8,,65722,65584,65732
1,8,,65888,65749,65898
1,8,,66442,66304,66452
1,8,,66608,66469,66618
1,8,,67162,67024,67172
1,8,,67328,67189,67338
1,8,,67882,67744,67892
1,8,,68048,67909,68058
1,8,,68768,68629,68778
1,8,,68902,68764,68912
1,8,,69488,69349,69498
1,8,,69802,69664,69812
1,8,,70088,69949,70098
1,8,,70508,70369,70518
1,8,,70822,70684,70832
1,8,,71288,71149,71298
1,8,,71662,71524,71672
1,8,,72098,71959,72108
1,8,,72322,72184,72332
1,8,,72998,72859,73008
1,8,,73522,73384,73532
1,8,,73898,73759,73908
1,8,,74182,74044,74192
1,8,,74798,74659,74808
1,8,,75322,75184,75332
1,8,,75698,75559,75708
1,8,,76222,76084,76232
1,8,,76598,76459,76608
1,8,,77122,76984,77132
1,8,,77498,77359,77508
1,8,,78398,78259,78408
1,8,,79222,79084,79232
1,8,,79298,79159,79308
1,8,,80422,80284,80432
1,8,,81698,81559,81708
1,8,,83198,83059,83208
1,7,,20784,20643,20794
1,7,,22986,22927,22996
1,7,,23826,23767,23836
1,7,,24486,24427,24496
1,7,,24906,24847,24916
1,7,,25234,25093,25244
1,7,,25506,25447,25516
1,7,,25954,25813,25964
1,7,,26346,26287,26356
1,7,,26766,26707,26776
1,7,,26914,26773,26924
1,7,,27366,27307,27376
1,7,,27814,27673,27824
1,7,,28026,27967,28036
1,7,,28446,28387,28456
1,7,,28774,28633,28784
1,7,,28866,28807,28876
1,7,,29406,29347,29416
1,7,,29494,29353,29504
1,7,,30066,30007,30076
1,7,,30726,30667,30736
1,7,,30874,30733,30884
1,7,,31466,31393,31476
1,7,,31534,31407,31544
1,7,,32186,32053,32196
1,7,,32194,32127,32204
1,7,,32854,32713,32864
1,7,,33086,33027,33096
1,7,,33514,33373,33524
1,7,,34106,34047,34116
1,7,,34234,34093,34244
1,7,,34886,34827,34896
1,7,,35134,34993,35144
1,7,,36334,36193,36344
1,7,,36386,36327,36396
1,7,,37234,37093,37244
1,7,,37286,37227,37296
1,7,,37886,37827,37896
1,7,,38734,38593,38744
1,7,,39986,39927,39996
1,7,,41186,41127,41196
1,7,,42334,42193,42344
1,7,,42386,42327,42396
1,7,,43234,43093,43244
1,7,,43286,43227,43296
1,7,,44734,44593,44744
1,7,,45514,45373,45524
1,7,,45686,45627,45696
1,7,,46586,46527,46596
1,7,,47734,47593,47744
1,7,,48634,48493,48644
1,7,,51386,51327,51396
1,7,,53434,53293,53444
1,7,,53786,53727,53796
1,7,,54686,54627,54696
1,7,,55834,55693,55844
1,7,,56734,56593,56744
1,7,,57686,57627,57696
1,7,,59486,59427,59496
1,7,,59734,59593,59744
1,7,,60934,60793,60944
1,7,,61834,61693,61844
1,7,,62186,62127,62196
1,7,,62906,62793,62916
1,7,,62934,62847,62944
1,7,,63626,63513,63636
1,7,,63654,63567,63664
1,7,,64346,64233,64356
1,7,,64374,64287,64384
1,7,,65066,64953,65076
1,7,,65094,65007,65104
1,7,,65786,65673,65796
1,7,,65814,65727,65824
1,7,,66506,66393,66516
1,7,,66534,66447,66544
1,7,,67226,67113,67236
1,7,,67254,67167,67264
1,7,,67946,67833,67956
1,7,,67974,67887,67984
1,7,,68694,68553,68704
1,7,,68966,68907,68976
1,7,,69414,69273,69424
1,7,,69866,69807,69876
1,7,,70014,69873,70024
1,7,,70434,70293,70444
1,7,,70886,70827,70896
1,7,,71214,71073,71224
1,7,,71726,71667,71736
1,7,,72034,71893,72044
1,7,,72386,72327,72396
1,7,,72934,72793,72944
1,7,,73586,73527,73596
1,7,,73834,73693,73844
1,7,,74246,74187,74256
1,7,,74734,74593,74744
1,7,,75386,75327,75396
1,7,,75634,75493,75644
1,7,,76286,76227,76296
1,7,,76534,76393,76544
1,7,,77186,77127,77196
1,7,,77434,77293,77444
1,7,,78334,78193,78344
1,7,,79234,79093,79244
1,7,,79286,79227,79296
1,7,,80486,80427,80496
1,7,,81634,81493,81644
1,7,,83134,82993,83144
1,6,,20492,20435,20502
1,6,,23258,23120,23268
1,6,,24098,23960,24108
1,6,,24758,24620,24768
1,6,,24987,24930,24997
1,6,,25178,25040,25188
1,6,,25707,25640,25717
1,6,,25778,25650,25788
1,6,,26618,26480,26628
1,6,,26667,26610,26677
1,6,,27038,26900,27048
1,6,,27567,27500,27577
1,6,,27638,27510,27648
1,6,,28298,28160,28308
1,6,,28527,28470,28537
1,6,,28718,28580,28728
1,6,,29138,29000,29148
1,6,,29247,29190,29257
1,6,,29678,29540,29688
1,6,,30338,30200,30348
1,6,,30627,30570,30637
1,6,,30998,30860,31008
1,6,,31287,31230,31297
1,6,,31723,31585,31733
1,6,,31947,31890,31957
1,6,,32443,32305,32453
1,6,,32607,32550,32617
1,6,,33267,33205,33277
1,6,,33343,33210,33353
1,6,,33987,33930,33997
1,6,,34363,34225,34373
1,6,,34887,34830,34897
1,6,,35143,35005,35153
1,6,,36087,36030,36097
1,6,,36643,36505,36653
1,6,,36987,36930,36997
1,6,,37543,37405,37553
1,6,,38143,38005,38153
1,6,,38487,38430,38497
1,6,,40243,40105,40253
1,6,,41443,41305,41453
1,6,,42087,42030,42097
1,6,,42643,42505,42653
1,6,,42987,42930,42997
1,6,,43543,43405,43553
1,6,,44487,44430,44497
1,6,,45267,45210,45277
1,6,,45943,45805,45953
1,6,,46843,46705,46853
1,6,,47487,47430,47497
1,6,,48387,48330,48397
1,6,,51643,51505,51653
1,6,,53187,53130,53197
1,6,,54043,53905,54053
1,6,,54943,54805,54953
1,6,,55587,55530,55597
1,6,,56487,56430,56497
1,6,,57943,57805,57953
1,6,,59487,59430,59497
1,6,,59743,59605,59753
1,6,,60687,60630,60697
1,6,,61587,61530,61597
1,6,,62443,62305,62453
1,6,,62662,62605,62672
1,6,,63163,63025,63173
1,6,,63382,63325,63392
1,6,,63883,63745,63893
1,6,,64102,64045,64112
1,6,,64603,64465,64613
1,6,,64822,64765,64832
1,6,,65323,65185,65333
1,6,,65542,65485,65552
1,6,,66043,65905,66053
1,6,,66262,66205,66272
1,6,,66763,66625,66773
1,6,,66982,66925,66992
1,6,,67483,67345,67493
1,6,,67702,67645,67712
1,6,,68203,68065,68213
1,6,,68422,68365,68432
1,6,,69142,69085,69152
1,6,,69223,69085,69233
1,6,,69742,69685,69752
1,6,,70123,69985,70133
1,6,,70162,70105,70172
1,6,,70942,70885,70952
1,6,,71143,71005,71153
1,6,,71787,71730,71797
1,6,,71983,71845,71993
1,6,,72643,72505,72653
1,6,,72687,72630,72697
1,6,,73587,73530,73597
1,6,,73843,73705,73853
1,6,,74487,74365,74497
1,6,,74503,74430,74513
1,6,,75387,75330,75397
1,6,,75643,75505,75653
1,6,,76287,76230,76297
1,6,,76543,76405,76553
1,6,,77187,77130,77197
1,6,,77443,77305,77453
1,6,,78087,78030,78097
1,6,,78987,78930,78997
1,6,,79543,79405,79553
1,6,,80743,80605,80753
1,6,,81387,81330,81397
1,6,,82887,82830,82897
1,5,,20443,20386,20453
1,5,,23307,23253,23317
1,5,,24147,24093,24157
1,5,,24807,24753,24817
1,5,,24938,24881,24948
1,5,,25227,25173,25237
1,5,,25658,25601,25668
1,5,,25827,25773,25837
1,5,,26618,26561,26628
1,5,,26667,26613,26677
1,5,,27087,27033,27097
1,5,,27518,27461,27528
1,5,,27687,27633,27697
1,5,,28347,28293,28357
1,5,,28478,28421,28488
1,5,,28767,28713,28777
1,5,,29187,29133,29197
1,5,,29198,29141,29208
1,5,,29727,29673,29737
1,5,,30387,30333,30397
1,5,,30578,30521,30588
1,5,,31047,30993,31057
1,5,,31238,31181,31248
1,5,,31772,31718,31782
1,5,,31898,31841,31908
1,5,,32492,32438,32502
1,5,,32558,32501,32568
1,5,,33218,33161,33228
1,5,,33392,33338,33402
1,5,,33938,33881,33948
1,5,,34412,34358,34422
1,5,,34838,34781,34848
1,5,,35192,35138,35202
1,5,,36038,35981,36048
1,5,,36692,36638,36702
1,5,,36938,36881,36948
1,5,,37592,37538,37602
1,5,,38192,38138,38202
1,5,,38438,38381,38448
1,5,,40292,40238,40302
1,5,,41492,41438,41502
1,5,,42038,41981,42048
1,5,,42692,42638,42702
1,5,,42938,42881,42948
1,5,,43592,43538,43602
1,5,,44438,44381,44448
1,5,,45218,45161,45228
1,5,,45992,45938,46002
1,5,,46892,46838,46902
1,5,,47438,47381,47448
1,5,,48338,48281,48348
1,5,,51692,51638,51702
1,5,,53138,53081,53148
1,5,,54092,54038,54102
1,5,,54992,54938,55002
1,5,,55538,55481,55548
1,5,,56438,56381,56448
1,5,,57992,57938,58002
1,5,,59438,59381,59448
1,5,,59792,59738,59802
1,5,,60638,60581,60648
1,5,,61538,61481,61548
1,5,,62492,62438,62502
1,5,,62613,62556,62623
1,5,,63212,63158,63222
1,5,,63333,63276,63343
1,5,,63932,63878,63942
1,5,,64053,63996,64063
1,5,,64652,64598,64662
1,5,,64773,64716,64783
1,5,,65372,65318,65382
1,5,,65493,65436,65503
1,5,,66092,66038,66102
1,5,,66213,66156,66223
1,5,,66812,66758,66822
1,5,,66933,66876,66943
1,5,,67532,67478,67542
1,5,,67653,67596,67663
1,5,,68252,68198,68262
1,5,,68373,68316,68383
1,5,,69093,69036,69103
1,5,,69272,69218,69282
1,5,,69693,69636,69703
1,5,,70113,70056,70123
1,5,,70172,70118,70182
1,5,,70893,70836,70903
1,5,,71192,71138,71202
1,5,,71738,71681,71748
1,5,,72032,71978,72042
1,5,,72638,72581,72648
1,5,,72692,72638,72702
1,5,,73538,73481,73548
1,5,,73892,73838,73902
1,5,,74438,74381,74448
1,5,,74552,74498,74562
1,5,,75338,75281,75348
1,5,,75692,75638,75702
1,5,,76238,76181,76248
1,5,,76592,76538,76602
1,5,,77138,77081,77148
1,5,,77492,77438,77502
1,5,,78038,77981,78048
1,5,,78938,78881,78948
1,5,,79592,79538,79602
1,5,,80792,80738,80802
1,5,,81338,81281,81348
1,5,,82838,82781,82848
1,4,,20346,20210,20356
1,4,,23404,23349,23414
1,4,,24244,24189,24254
1,4,,24841,24705,24851
1,4,,24904,24849,24914
1,4,,25324,25269,25334
1,4,,25561,25425,25571
1,4,,25924,25869,25934
1,4,,26521,26385,26531
1,4,,26764,26709,26774
1,4,,27184,27129,27194
1,4,,27421,27285,27431
1,4,,27784,27729,27794
1,4,,28381,28245,28391
1,4,,28444,28389,28454
1,4,,28864,28809,28874
1,4,,29101,28965,29111
1,4,,29284,29229,29294
1,4,,29824,29769,29834
1,4,,30481,30345,30491
1,4,,30484,30429,30494
1,4,,31141,31005,31151
1,4,,31144,31089,31154
1,4,,31801,31665,31811
1,4,,31869,31814,31879
1,4,,32461,32325,32471
1,4,,32589,32534,32599
1,4,,33121,32985,33131
1,4,,33489,33434,33499
1,4,,33841,33705,33851
1,4,,34509,34454,34519
1,4,,34741,34605,34751
1,4,,35289,35234,35299
1,4,,35941,35805,35951
1,4,,36789,36705,36799
1,4,,36841,36734,36851
1,4,,37689,37634,37699
1,4,,38289,38205,38299
1,4,,38341,38234,38351
1,4,,40389,40334,40399
1,4,,41589,41534,41599
1,4,,41941,41805,41951
1,4,,42789,42705,42799
1,4,,42841,42734,42851
1,4,,43689,43634,43699
1,4,,44341,44205,44351
1,4,,45121,44985,45131
1,4,,46089,46034,46099
1,4,,46989,46934,46999
1,4,,47341,47205,47351
1,4,,48241,48105,48251
1,4,,51789,51734,51799
1,4,,53041,52905,53051
1,4,,54189,54134,54199
1,4,,55089,55034,55099
1,4,,55441,55305,55451
1,4,,56341,56205,56351
1,4,,58089,58034,58099
1,4,,59341,59205,59351
1,4,,59889,59834,59899
1,4,,60541,60405,60551
1,4,,61441,61305,61451
1,4,,62516,62380,62526
1,4,,62589,62534,62599
1,4,,63236,63100,63246
1,4,,63309,63254,63319
1,4,,63956,63820,63966
1,4,,64029,63974,64039
1,4,,64676,64540,64686
1,4,,64749,64694,64759
1,4,,65396,65260,65406
1,4,,65469,65414,65479
1,4,,66116,65980,66126
1,4,,66189,66134,66199
1,4,,66836,66700,66846
1,4,,66909,66854,66919
1,4,,67556,67420,67566
1,4,,67629,67574,67639
1,4,,68276,68140,68286
1,4,,68349,68294,68359
1,4,,68996,68860,69006
1,4,,69369,69314,69379
1,4,,69596,69460,69606
1,4,,70016,69880,70026
1,4,,70269,70214,70279
1,4,,70796,70660,70806
1,4,,71289,71234,71299
1,4,,71641,71505,71651
1,4,,72129,72074,72139
1,4,,72541,72405,72551
1,4,,72789,72734,72799
1,4,,73441,73305,73451
1,4,,73989,73934,73999
1,4,,74341,74205,74351
1,4,,74649,74594,74659
1,4,,75241,75105,75251
1,4,,75789,75734,75799
1,4,,76141,76005,76151
1,4,,76689,76634,76699
1,4,,77041,76905,77051
1,4,,77589,77534,77599
1,4,,77941,77805,77951
1,4,,78841,78705,78851
1,4,,79689,79634,79699
1,4,,80889,80834,80899
1,4,,81241,81105,81251
1,4,,82741,82605,82751
1,3,,20321,20264,20331
1,3,,23419,23284,23429
1,3,,24259,24124,24269
1,3,,24831,24774,24841
1,3,,24919,24784,24929
1,3,,25339,25204,25349
1,3,,25551,25494,25561
1,3,,25939,25804,25949
1,3,,26511,26454,26521
1,3,,26779,26644,26789
1,3,,27199,27064,27209
1,3,,27411,27354,27421
1,3,,27799,27664,27809
1,3,,28371,28314,28381
1,3,,28459,28324,28469
1,3,,28879,28744,28889
1,3,,29091,29034,29101
1,3,,29299,29164,29309
1,3,,29839,29704,29849
1,3,,30471,30364,30481
1,3,,30499,30414,30509
1,3,,31131,31024,31141
1,3,,31159,31074,31169
1,3,,31791,31734,31801
1,3,,31869,31734,31879
1,3,,32451,32394,32461
1,3,,32589,32454,32599
1,3,,33111,33054,33121
1,3,,33489,33354,33499
1,3,,33831,33774,33841
1,3,,34509,34374,34519
1,3,,34731,34674,34741
1,3,,35289,35154,35299
1,3,,35931,35874,35941
1,3,,36789,36654,36799
1,3,,36831,36774,36841
1,3,,37689,37554,37699
1,3,,38289,38154,38299
1,3,,38331,38274,38341
1,3,,40389,40254,40399
1,3,,41589,41454,41599
1,3,,41931,41874,41941
1,3,,42789,42654,42799
1,3,,42831,42774,42841
1,3,,43689,43554,43699
1,3,,44331,44274,44341
1,3,,45111,45054,45121
1,3,,46089,45954,46099
1,3,,46989,46854,46999
1,3,,47331,47274,47341
1,3,,48231,48174,48241
1,3,,51789,51654,51799
1,3,,53031,52974,53041
1,3,,54189,54054,54199
1,3,,55089,54954,55099
1,3,,55431,55374,55441
1,3,,56331,56274,56341
1,3,,58089,57954,58099
1,3,,59331,59274,59341
1,3,,59889,59754,59899
1,3,,60531,60474,60541
1,3,,61431,61374,61441
1,3,,62501,62444,62511
1,3,,62589,62454,62599
1,3,,63221,63164,63231
1,3,,63309,63174,63319
1,3,,63941,63884,63951
1,3,,64029,63894,64039
1,3,,64661,64604,64671
1,3,,64749,64614,64759
1,3,,65381,65324,65391
1,3,,65469,65334,65479
1,3,,66101,66044,66111
1,3,,66189,66054,66199
1,3,,66821,66764,66831
1,3,,66909,66774,66919
1,3,,67541,67484,67551
1,3,,67629,67494,67639
1,3,,68261,68204,68271
1,3,,68349,68214,68359
1,3,,68981,68924,68991
1,3,,69369,69234,69379
1,3,,69581,69524,69591
1,3,,70001,69944,70011
1,3,,70269,70134,70279
1,3,,70781,70724,70791
1,3,,71289,71154,71299
1,3,,71631,71574,71641
1,3,,72129,71994,72139
1,3,,72531,72474,72541
1,3,,72789,72654,72799
1,3,,73431,73374,73441
1,3,,73989,73854,73999
1,3,,74331,74274,74341
1,3,,74649,74514,74659
1,3,,75231,75174,75241
1,3,,75789,75654,75799
1,3,,76131,76074,76141
1,3,,76689,76554,76699
1,3,,77031,76974,77041
1,3,,77589,77454,77599
1,3,,77931,77874,77941
1,3,,78831,78774,78841
1,3,,79689,79554,79699
1,3,,80889,80754,80899
1,3,,81231,81174,81241
1,3,,82731,82674,82741
1,2,,20313,20256,20323
1,2,,23427,23286,23437
1,2,,24267,24126,24277
1,2,,24823,24766,24833
1,2,,24927,24786,24937
1,2,,25347,25206,25357
1,2,,25543,25486,25553
1,2,,25947,25806,25957
1,2,,26503,26446,26513
1,2,,26787,26646,26797
1,2,,27207,27066,27217
1,2,,27403,27346,27413
1,2,,27807,27666,27817
1,2,,28363,28306,28373
1,2,,28467,28326,28477
1,2,,28887,28746,28897
1,2,,29083,29026,29093
1,2,,29307,29166,29317
1,2,,29847,29706,29857
1,2,,30463,30366,30473
1,2,,30507,30406,30517
1,2,,31123,31026,31133
1,2,,31167,31066,31177
1,2,,31783,31726,31793
1,2,,31877,31736,31887
1,2,,32443,32386,32453
1,2,,32597,32456,32607
1,2,,33103,33046,33113
1,2,,33497,33356,33507
1,2,,33823,33766,33833
1,2,,34517,34376,34527
1,2,,34723,34666,34733
1,2,,35297,35156,35307
1,2,,35923,35866,35933
1,2,,36797,36656,36807
1,2,,36823,36766,36833
1,2,,37697,37556,37707
1,2,,38297,38156,38307
1,2,,38323,38266,38333
1,2,,40397,40256,40407
1,2,,41597,41456,41607
1,2,,41923,41866,41933
1,2,,42797,42656,42807
1,2,,42823,42766,42833
1,2,,43697,43556,43707
1,2,,44323,44266,44333
1,2,,45103,45046,45113
1,2,,46097,45956,46107
1,2,,46997,46856,47007
1,2,,47323,47266,47333
1,2,,48223,48166,48233
1,2,,51797,51656,51807
1,2,,53023,52966,53033
1,2,,54197,54056,54207
1,2,,55097,54956,55107
1,2,,55423,55366,55433
1,2,,56323,56266,56333
1,2,,58097,57956,58107
1,2,,59323,59266,59333
1,2,,59897,59756,59907
1,2,,60523,60466,60533
1,2,,61423,61366,61433
1,2,,62493,62436,62503
1,2,,62597,62456,62607
1,2,,63213,63156,63223
1,2,,63317,63176,63327
1,2,,63933,63876,63943
1,2,,64037,63896,64047
1,2,,64653,64596,64663
1,2,,64757,64616,64767
1,2,,65373,65316,65383
1,2,,65477,65336,65487
1,2,,66093,66036,66103
1,2,,66197,66056,66207
1,2,,66813,66756,66823
1,2,,66917,66776,66927
1,2,,67533,67476,67543
1,2,,67637,67496,67647
1,2,,68253,68196,68263
1,2,,68357,68216,68367
1,2,,68973,68916,68983
1,2,,69377,69236,69387
1,2,,69573,69516,69583
1,2,,69993,69936,70003
1,2,,70277,70136,70287
1,2,,70773,70716,70783
1,2,,71297,71156,71307
1,2,,71623,71566,71633
1,2,,72137,71996,72147
1,2,,72523,72466,72533
1,2,,72797,72656,72807
1,2,,73423,73366,73433
1,2,,73997,73856,74007
1,2,,74323,74266,74333
1,2,,74657,74516,74667
1,2,,75223,75166,75233
1,2,,75797,75656,75807
1,2,,76123,76066,76133
1,2,,76697,76556,76707
1,2,,77023,76966,77033
1,2,,77597,77456,77607
1,2,,77923,77866,77933
1,2,,78823,78766,78833
1,2,,79697,79556,79707
1,2,,80897,80756,80907
1,2,,81223,81166,81233
1,2,,82723,82666,82733
